Tag,File,Line Number
"['cfmail,activity_log.cfm,228']"
"['cfmail,activity_log.cfm,235']"
"['cfmail,activity_log.cfm,315']"
"['cfmail,activity_log.cfm,322']"
"['cfmail,activity_log.cfm,458']"
"['cfmail,activity_log.cfm,465']"
"['cfmail,error.cfm,6']"
"['cfmail,exam_ajax.cfm,208']"
"['cfmail,exam_ajax.cfm,415']"
"['cfmail,exam_ajax.cfm,524']"
"['cfmail,exam_inner.cfm,430']"
"['cfmail,exam_inner.cfm,495']"
"['cfmail,forgot_p.cfm,50']"
"['cfmail,gen_signup.cfm,67']"
"['cfmail,gen_signup_process.cfm,180']"
"['cfmail,gen_signup_process.cfm,332']"
"['cfmail,gen_signup_process.cfm,382']"
"['cfmail,index.cfm,72']"
"['cfmail,index.cfm,94']"
"['cfmail,index.cfm,147']"
"['cfmail,index.cfm,207']"
"['cfmail,login.cfm,24']"
"['cfmail,login_teams.cfm,25']"
"['cfmail,mail_support.cfm,14']"
"['cfmail,marketplace_channel.cfm,31']"
"['cfmail,marketplace_request_process.cfm,84']"
"['cfmail,marketplace_request_process.cfm,113']"
"['cfmail,respool.cfm,29']"
"['cfmail,respool.cfm,96']"
"['cfmail,respool.cfm,217']"
"['cfmail,respool.cfm,233']"
"['cfmail,respool.cfm,297']"
"['cfmail,respool.cfm,336']"
"['cfmail,respool.cfm,705']"
"['cfmail,respool.cfm,715']"
"['cfmail,respool.cfm,955']"
"['cfmail,respool.cfm,1094']"
"['cfmail,respool.cfm,1173']"
"['cfmail,respool.cfm,1254']"
"['cfmail,respool.cfm,1338']"
"['cfmail,respool.cfm,1418']"
"['cfmail,respool.cfm,1472']"
"['cfmail,share_process_2.cfm,28']"
"['cfmail,admin/activity_report.cfm,56']"
"['cfmail,admin/add_channel_process.cfm,142']"
"['cfmail,admin/add_channel_request.cfm,7']"
"['cfmail,admin/add_order_dell_process.cfm,102']"
"['cfmail,admin/add_order_dell_process.cfm,213']"
"['cfmail,admin/add_order_dell_process.cfm,513']"
"['cfmail,admin/add_order_dell_process.cfm,593']"
"['cfmail,admin/add_portal_process.cfm,769']"
"['cfmail,admin/add_premium_tracking_process.cfm,120']"
"['cfmail,admin/add_premium_tracking_process.cfm,129']"
"['cfmail,admin/add_user_process.cfm,208']"
"['cfmail,admin/add_user_process.cfm,329']"
"['cfmail,admin/course_materials.cfm,78']"
"['cfmail,admin/dashboard.cfm,41']"
"['cfmail,admin/distribution_override_process.cfm,78']"
"['cfmail,admin/edit_course.cfm,93']"
"['cfmail,admin/edit_courseTEMP.cfm,145']"
"['cfmail,admin/edit_course_process.cfm,464']"
"['cfmail,admin/edit_portal.cfm,28']"
"['cfmail,admin/edit_portal_process.cfm,545']"
"['cfmail,admin/edit_portal_process.cfm,572']"
"['cfmail,admin/edit_portal_process.cfm,620']"
"['cfmail,admin/edit_portal_process.cfm,1277']"
"['cfmail,admin/edit_portal_process.cfm,1387']"
"['cfmail,admin/edit_user_multi_process.cfm,154']"
"['cfmail,admin/edit_user_process.cfm,175']"
"['cfmail,admin/edit_user_process.cfm,411']"
"['cfmail,admin/graph_complete.cfm,39']"
"['cfmail,admin/grouping.cfm,55']"
"['cfmail,admin/import_csv_process.cfm,390']"
"['cfmail,admin/import_csv_process.cfm,584']"
"['cfmail,admin/import_csv_process.cfm,744']"
"['cfmail,admin/import_w_groups_process.cfm,438']"
"['cfmail,admin/import_w_groups_process.cfm,642']"
"['cfmail,admin/import_w_groups_special_process.cfm,443']"
"['cfmail,admin/import_w_groups_special_process.cfm,647']"
"['cfmail,admin/invite_process.cfm,55']"
"['cfmail,admin/invite_synced_process.cfm,27']"
"['cfmail,admin/library.cfm,75']"
"['cfmail,admin/move_user_process.cfm,152']"
"['cfmail,admin/portals.cfm,49']"
"['cfmail,admin/questions.cfm,74']"
"['cfmail,admin/reminder_send.cfm,25']"
"['cfmail,admin/reminder_send.cfm,42']"
"['cfmail,admin/reminder_send.cfm,78']"
"['cfmail,admin/reminder_send.cfm,99']"
"['cfmail,admin/reminder_send.cfm,137']"
"['cfmail,admin/reminder_send.cfm,310']"
"['cfmail,admin/reminder_send.cfm,437']"
"['cfmail,admin/reminder_send.cfm,564']"
"['cfmail,admin/reminder_send.cfm,682']"
"['cfmail,admin/reminder_send.cfm,885']"
"['cfmail,admin/reminder_send.cfm,970']"
"['cfmail,admin/reminder_send.cfm,1135']"
"['cfmail,admin/reminder_send.cfm,1233']"
"['cfmail,admin/reminder_send.cfm,1313']"
"['cfmail,admin/reminder_send.cfm,1446']"
"['cfmail,admin/reminder_send.cfm,1501']"
"['cfmail,admin/reminder_send.cfm,1620']"
"['cfmail,admin/reminder_send.cfm,1685']"
"['cfmail,admin/reminder_send.cfm,1801']"
"['cfmail,admin/reminder_send.cfm,1866']"
"['cfmail,admin/reminder_send.cfm,1958']"
"['cfmail,admin/reminder_send.cfm,2068']"
"['cfmail,admin/reminder_send.cfm,2149']"
"['cfmail,admin/reminder_send.cfm,2223']"
"['cfmail,admin/reminder_send.cfm,2313']"
"['cfmail,admin/reminder_send.cfm,2368']"
"['cfmail,admin/replace_course_process.cfm,287']"
"['cfmail,admin/replace_course_process.cfm,365']"
"['cfmail,admin/replace_course_process.cfm,407']"
"['cfmail,admin/replace_course_process.cfm,454']"
"['cfmail,admin/replace_course_process.cfm,508']"
"['cfmail,admin/report_activity.cfm,52']"
"['cfmail,admin/report_adoption.cfm,62']"
"['cfmail,admin/report_all_points.cfm,97']"
"['cfmail,admin/report_cmi.cfm,31']"
"['cfmail,admin/report_courses.cfm,54']"
"['cfmail,admin/report_el.cfm,72']"
"['cfmail,admin/report_el_export.cfm,72']"
"['cfmail,admin/report_exams.cfm,87']"
"['cfmail,admin/report_training.cfm,55']"
"['cfmail,admin/report_training_individual.cfm,51']"
"['cfmail,admin/survey_details.cfm,34']"
"['cfmail,admin/users.cfm,44']"
"['cfmail,admin/connectwise/integration.cfm,21']"
"['cfmail,admin/cybersecurity/insights_report_portal.cfm,41']"
"['cfmail,admin/cybersecurity/report_portal.cfm,40']"
"['cfmail,admin/cybersecurity/report_portal_export.cfm,67']"
"['cfmail,admin/cybersecurity/report_portal_export.cfm,69']"
"['cfmail,admin/cybersecurity/report_portal_pdf_send.cfm,77']"
"['cfmail,admin/cybersecurity/report_users.cfm,70']"
"['cfmail,admin/cybersecurity/test_cyber2.cfm,39']"
"['cfmail,admin/cybersecurity/test_cyber2.cfm,47']"
"['cfmail,admin/cybersecurity/tp_report_portal_querys.cfm,75']"
"['cfmail,admin/cybersecurity/archive/report_portal.cfm,40']"
"['cfmail,admin/cybersecurity/archive/report_portal_export.cfm,40']"
"['cfmail,admin/cybersecurity/archive/report_users.cfm,40']"
"['cfmail,admin/drip/add_drop.cfm,59']"
"['cfmail,admin/drip/campaigns.cfm,55']"
"['cfmail,admin/drip/campaign_details.cfm,60']"
"['cfmail,admin/drip/edit_drip.cfm,56']"
"['cfmail,admin/drip/insights_details.cfm,35']"
"['cfmail,admin/drip/insights_email_blast.cfm,62']"
"['cfmail,admin/drip/insights_email_blast.cfm,133']"
"['cfmail,admin/drip/insights_email_blast.cfm,178']"
"['cfmail,admin/drip/m365_insights_details.cfm,35']"
"['cfmail,admin/lp/add_lp_process.cfm,364']"
"['cfmail,admin/lp/edit_lp1.cfm,39']"
"['cfmail,admin/lp/edit_lp1b.cfm,43']"
"['cfmail,admin/lp/edit_lpt.cfm,47']"
"['cfmail,admin/lp/edit_lpt_process.cfm,151']"
"['cfmail,admin/lp/edit_lpt_process.cfm,244']"
"['cfmail,admin/lp/edit_lp_process.cfm,337']"
"['cfmail,admin/lp/edit_lp_process.cfm,474']"
"['cfmail,admin/lp/email_lp_process.cfm,49']"
"['cfmail,admin/lp/lp.cfm,59']"
"['cfmail,admin/lp/lpt.cfm,68']"
"['cfmail,admin/lp/lp_overall.cfm,30']"
"['cfmail,admin/policy_manager/add_policy.cfm,39']"
"['cfmail,admin/policy_manager/add_policy_form.cfm,40']"
"['cfmail,admin/policy_manager/add_policy_template.cfm,68']"
"['cfmail,admin/policy_manager/copy_policy.cfm,92']"
"['cfmail,admin/policy_manager/dashboard.cfm,96']"
"['cfmail,admin/policy_manager/edit_policy.cfm,92']"
"['cfmail,admin/policy_manager/edit_policy_template.cfm,39']"
"['cfmail,admin/policy_manager/edit_recipients.cfm,57']"
"['cfmail,admin/policy_manager/edit_recipients_process.cfm,246']"
"['cfmail,admin/policy_manager/email_policy_process.cfm,51']"
"['cfmail,admin/policy_manager/export_policy.cfm,18']"
"['cfmail,admin/policy_manager/new_version.cfm,45']"
"['cfmail,admin/policy_manager/pm.cfm,55']"
"['cfmail,admin/policy_manager/policy_details.cfm,49']"
"['cfmail,admin/policy_manager/report_details.cfm,28']"
"['cfmail,admin/policy_manager/report_overall.cfm,34']"
"['cfmail,admin/policy_manager/templates.cfm,58']"
"['cfmail,admin/policy_manager/version_details.cfm,35']"
"['cfmail,admin/reports/scheduled.cfm,55']"
"['cfmail,admin/reports/scheduled_drip.cfm,263']"
"['cfmail,admin/reports/scheduled_lp.cfm,223']"
"['cfmail,admin/reports/scheduled_policies.cfm,233']"
"['cfmail,admin/reports/scheduled_user_courses.cfm,526']"
"['cfmail,admin/reports/special_lp_report.cfm,156']"
"['cfmail,admin/reports/special_lp_report.cfm,218']"
"['cfmail,admin/reports/special_lp_report.cfm,279']"
"['cfmail,admin/reports/special_lp_report.cfm,332']"
"['cfmail,admin/reports/special_lp_report.cfm,351']"
"['cfmail,admin/reports/special_lp_report.cfm,451']"
"['cfmail,admin/reports/special_lp_report.cfm,539']"
"['cfmail,admin/reports/special_lp_report.cfm,558']"
"['cfmail,admin/reports/sr_task.cfm,48']"
"['cfmail,admin/reports/sr_task.cfm,70']"
"['cfmail,IAMCP-Promo/mail_trial.cfm,5']"
"['cfmail,ilt/connect.cfm,204']"
"['cfmail,ilt/connect.cfm,208']"
"['cfmail,ilt/connect.cfm,337']"
"['cfmail,ilt/connect.cfm,558']"
"['cfmail,ilt/connect_a.cfm,221']"
"['cfmail,ilt/connect_a.cfm,350']"
"['cfmail,ilt/connect_a.cfm,549']"
"['cfmail,ilt/connect_c.cfm,228']"
"['cfmail,ilt/connect_c.cfm,232']"
"['cfmail,ilt/connect_c.cfm,361']"
"['cfmail,ilt/connect_c.cfm,593']"
"['cfmail,ilt/connect_cr.cfm,229']"
"['cfmail,ilt/connect_cr.cfm,358']"
"['cfmail,ilt/connect_cr.cfm,554']"
"['cfmail,ilt/connect_cra.cfm,229']"
"['cfmail,ilt/connect_cra.cfm,358']"
"['cfmail,ilt/connect_cra.cfm,554']"
"['cfmail,ilt/connect_d.cfm,215']"
"['cfmail,ilt/connect_d.cfm,219']"
"['cfmail,ilt/connect_d.cfm,348']"
"['cfmail,ilt/connect_d.cfm,537']"
"['cfmail,ilt/get_token.cfm,39']"
"['cfmail,ilt/portal.cfm,471']"
"['cfmail,ilt/portal.cfm,478']"
"['cfmail,ilt/portal.cfm,502']"
"['cfmail,ilt/portal.cfm,518']"
"['cfmail,ilt/update_user.cfm,100']"
"['cfmail,includes/policy_distribute.cfm,148']"
"['cfmail,includes/provision_user.cfm,145']"
"['cfmail,includes/provision_user.cfm,282']"
"['cfmail,includes/provision_user_policy.cfm,18']"
"['cfmail,includes/provision_user_policy.cfm,206']"
"['cfmail,SSO/default.cfm,234']"
"['cfmail,SSO/default.cfm,359']"
"['cfmail,whitepaper/download.cfm,5']"
